metric_group,metric_name,today_value,previous_value,abs_change,pct_change,interpretation,data_source,notes
run_data_integrity,raw_events_count,85608,39649,45959.0,115.91,数量变化；仅表示规模/活动变化，不直接代表质量改善,"{""previous"": {""path"": ""run_overview.total_raw_events"", ""report_type"": ""daily_report""}, ""today"": {""path"": ""run_overview.total_raw_events"", ""report_type"": ""daily_report""}}",
run_data_integrity,parsed_events_count,45239,19055,26184.0,137.41,数量变化；仅表示规模/活动变化，不直接代表质量改善,"{""previous"": {""path"": ""run_overview.total_parsed_events"", ""report_type"": ""daily_report""}, ""today"": {""path"": ""run_overview.total_parsed_events"", ""report_type"": ""daily_report""}}",
run_data_integrity,signals_count,914,508,406.0,79.92,数量变化；仅表示规模/活动变化，不直接代表质量改善,"{""previous"": {""path"": ""run_overview.total_signal_rows"", ""report_type"": ""daily_report""}, ""today"": {""path"": ""run_overview.total_signal_rows"", ""report_type"": ""daily_report""}}",
run_data_integrity,lp_signal_rows,197,153,44.0,28.76,数量变化；仅表示规模/活动变化，不直接代表质量改善,"{""previous"": {""path"": ""run_overview.lp_signal_rows"", ""report_type"": ""daily_report""}, ""today"": {""path"": ""run_overview.lp_signal_rows"", ""report_type"": ""daily_report""}}",
run_data_integrity,delivered_lp_signals,67,42,25.0,59.52,数量变化；仅表示规模/活动变化，不直接代表质量改善,"{""previous"": {""path"": ""run_overview.delivered_lp_signals"", ""report_type"": ""daily_report""}, ""today"": {""path"": ""run_overview.delivered_lp_signals"", ""report_type"": ""daily_report""}}",
run_data_integrity,suppressed_lp_signals,130,111,19.0,17.12,数量变化；仅表示规模/活动变化，不直接代表质量改善,"{""previous"": {""path"": ""run_overview.suppressed_lp_signals"", ""report_type"": ""daily_report""}, ""today"": {""path"": ""run_overview.suppressed_lp_signals"", ""report_type"": ""daily_report""}}",
run_data_integrity,asset_case_count,62,35,27.0,77.14,数量变化；仅表示规模/活动变化，不直接代表质量改善,"{""previous"": {""path"": ""run_overview.asset_case_count"", ""report_type"": ""daily_report""}, ""today"": {""path"": ""run_overview.asset_case_count"", ""report_type"": ""daily_report""}}",
run_data_integrity,case_followup_count,67,42,25.0,59.52,数量变化；仅表示规模/活动变化，不直接代表质量改善,"{""previous"": {""path"": ""run_overview.case_followup_count"", ""report_type"": ""daily_report""}, ""today"": {""path"": ""run_overview.case_followup_count"", ""report_type"": ""daily_report""}}",
run_data_integrity,data_source_summary,"{""archive_fallback_used"": false, ""data_source"": ""sqlite"", ""db_archive_mirror_match_rate"": null, ""mismatch_warnings"": [], ""report_data_source"": ""sqlite"", ""source_components"": {""asset_cases"": ""sqlite"", ""asset_market_states"": ""sqlite"", ""case_followups"": ""sqlite"", ""delivery_audit"": ""sqlite"", ""market_context_attempts"": ""sqlite"", ""outcomes"": ""sqlite"", ""parsed_events"": ""sqlite"", ""raw_events"": ""sqlite"", ""signals"": ""sqlite"", ""telegram_deliveries"": ""sqlite"", ""trade_opportunities"": ""sqlite""}}","{""archive_fallback_used"": false, ""data_source"": ""sqlite"", ""db_archive_mirror_match_rate"": null, ""mismatch_warnings"": [], ""report_data_source"": ""sqlite"", ""source_components"": {""asset_cases"": ""sqlite"", ""asset_market_states"": ""sqlite"", ""case_followups"": ""sqlite"", ""delivery_audit"": ""sqlite"", ""market_context_attempts"": ""sqlite"", ""outcomes"": ""sqlite"", ""parsed_events"": ""sqlite"", ""raw_events"": ""sqlite"", ""signals"": ""sqlite"", ""telegram_deliveries"": ""sqlite"", ""trade_opportunities"": ""sqlite""}}",,,结构化内容未变化,"{""previous"": {""path"": ""data_source_summary"", ""report_type"": ""daily_report""}, ""today"": {""path"": ""data_source_summary"", ""report_type"": ""daily_report""}}",
run_data_integrity,db_archive_mirror_match_rate,,,,,today/previous 字段都缺失，无法判断,"{""previous"": {""path"": null, ""report_type"": null}, ""today"": {""path"": null, ""report_type"": null}}",
run_data_integrity,missing_tables,,,,,today/previous 字段都缺失，无法判断,"{""previous"": {""path"": null, ""report_type"": null}, ""today"": {""path"": null, ""report_type"": null}}",
run_data_integrity,missing_tables_count,,,,,today/previous 字段都缺失，无法判断,"{""previous"": {""path"": null, ""report_type"": null}, ""today"": {""path"": null, ""report_type"": null}}",
run_data_integrity,mismatch_warnings,[],[],,,结构化内容未变化,"{""previous"": {""path"": ""data_source_summary.mismatch_warnings"", ""report_type"": ""daily_report""}, ""today"": {""path"": ""data_source_summary.mismatch_warnings"", ""report_type"": ""daily_report""}}",
run_data_integrity,mismatch_warning_count,0,0,0.0,,与 previous 持平,"{""previous"": {""path"": ""data_source_summary.mismatch_warnings.len"", ""report_type"": ""daily_report""}, ""today"": {""path"": ""data_source_summary.mismatch_warnings.len"", ""report_type"": ""daily_report""}}",
telegram_denoise,telegram_should_send_count,67,42,25.0,59.52,数量变化；仅表示规模/活动变化，不直接代表质量改善,"{""previous"": {""path"": ""telegram_suppression_summary.telegram_should_send_count"", ""report_type"": ""daily_report""}, ""today"": {""path"": ""telegram_suppression_summary.telegram_should_send_count"", ""report_type"": ""daily_report""}}",
telegram_denoise,telegram_suppressed_count,103,85,18.0,21.18,数量变化；仅表示规模/活动变化，不直接代表质量改善,"{""previous"": {""path"": ""telegram_suppression_summary.telegram_suppressed_count"", ""report_type"": ""daily_report""}, ""today"": {""path"": ""telegram_suppression_summary.telegram_suppressed_count"", ""report_type"": ""daily_report""}}",
telegram_denoise,telegram_suppression_ratio,0.5228,0.5556,-0.0328,-5.9,数量变化；仅表示规模/活动变化，不直接代表质量改善,"{""previous"": {""path"": ""telegram_suppression_summary.telegram_suppression_ratio"", ""report_type"": ""daily_report""}, ""today"": {""path"": ""telegram_suppression_summary.telegram_suppression_ratio"", ""report_type"": ""daily_report""}}",
telegram_denoise,telegram_suppression_reasons,"{""blocked_output_requires_blocked_or_risk_state"": 2, ""no_trade_opportunity"": 99, ""same_blocker_repeat"": 2}","{""blocked_output_requires_blocked_or_risk_state"": 1, ""no_trade_opportunity"": 79, ""same_blocker_repeat"": 4, ""same_opportunity_repeat"": 1}",,,结构化内容变化；需人工查看差异,"{""previous"": {""path"": ""telegram_suppression_summary.telegram_suppression_reasons"", ""report_type"": ""daily_report""}, ""today"": {""path"": ""telegram_suppression_summary.telegram_suppression_reasons"", ""report_type"": ""daily_report""}}",
telegram_denoise,messages_before_suppression_estimate,197,153,44.0,28.76,数量变化；仅表示规模/活动变化，不直接代表质量改善,"{""previous"": {""path"": ""telegram_suppression_summary.messages_before_suppression_estimate"", ""report_type"": ""daily_report""}, ""today"": {""path"": ""telegram_suppression_summary.messages_before_suppression_estimate"", ""report_type"": ""daily_report""}}",
telegram_denoise,messages_after_suppression_actual,67,42,25.0,59.52,数量变化；仅表示规模/活动变化，不直接代表质量改善,"{""previous"": {""path"": ""telegram_suppression_summary.messages_after_suppression_actual"", ""report_type"": ""daily_report""}, ""today"": {""path"": ""telegram_suppression_summary.messages_after_suppression_actual"", ""report_type"": ""daily_report""}}",
telegram_denoise,high_value_suppressed_count,0,0,0.0,,与 previous 持平,"{""previous"": {""path"": ""telegram_suppression_summary.high_value_suppressed_count"", ""report_type"": ""daily_report""}, ""today"": {""path"": ""telegram_suppression_summary.high_value_suppressed_count"", ""report_type"": ""daily_report""}}",
telegram_denoise,legacy_chase_leaked_count,0,0,0.0,,与 previous 持平,"{""previous"": {""path"": ""final_trading_output_summary.legacy_chase_leaked_count"", ""report_type"": ""daily_report""}, ""today"": {""path"": ""final_trading_output_summary.legacy_chase_leaked_count"", ""report_type"": ""daily_report""}}",
asset_market_state,state_distribution,"{""DO_NOT_CHASE_LONG"": 44, ""DO_NOT_CHASE_SHORT"": 47, ""NO_TRADE_CHOP"": 2, ""NO_TRADE_LOCK"": 18, ""OBSERVE_LONG"": 44, ""OBSERVE_SHORT"": 40, ""WAIT_CONFIRMATION"": 2}","{""DO_NOT_CHASE_LONG"": 12, ""DO_NOT_CHASE_SHORT"": 46, ""NO_TRADE_CHOP"": 1, ""NO_TRADE_LOCK"": 47, ""OBSERVE_LONG"": 10, ""OBSERVE_SHORT"": 32, ""WAIT_CONFIRMATION"": 5}",,,结构化内容变化；需人工查看差异,"{""previous"": {""path"": ""asset_market_state_summary.state_distribution"", ""report_type"": ""daily_report""}, ""today"": {""path"": ""asset_market_state_summary.state_distribution"", ""report_type"": ""daily_report""}}",
asset_market_state,state_transition_count,87,62,25.0,40.32,数量变化；仅表示规模/活动变化，不直接代表质量改善,"{""previous"": {""path"": ""asset_market_state_summary.state_transition_count"", ""report_type"": ""daily_report""}, ""today"": {""path"": ""asset_market_state_summary.state_transition_count"", ""report_type"": ""daily_report""}}",
asset_market_state,final_state_by_asset,"{""ETH"": {""state_key"": ""DO_NOT_CHASE_LONG"", ""state_label"": ""不追多"", ""telegram_should_send"": false, ""telegram_update_kind"": ""suppressed"", ""updated_at"": 1777045499}}","{""ETH"": {""state_key"": ""OBSERVE_LONG"", ""state_label"": ""偏多观察"", ""telegram_should_send"": false, ""telegram_update_kind"": ""suppressed"", ""updated_at"": 1776920542}}",,,结构化内容变化；需人工查看差异,"{""previous"": {""path"": ""asset_market_state_summary.final_state_by_asset"", ""report_type"": ""daily_report""}, ""today"": {""path"": ""asset_market_state_summary.final_state_by_asset"", ""report_type"": ""daily_report""}}",
asset_market_state,no_trade_lock_entered_count,7,7,0.0,0.0,与 previous 持平,"{""previous"": {""path"": ""no_trade_lock_summary.lock_entered_count"", ""report_type"": ""daily_report""}, ""today"": {""path"": ""no_trade_lock_summary.lock_entered_count"", ""report_type"": ""daily_report""}}",
asset_market_state,no_trade_lock_suppressed_count,0,0,0.0,,与 previous 持平,"{""previous"": {""path"": ""no_trade_lock_summary.lock_suppressed_count"", ""report_type"": ""daily_report""}, ""today"": {""path"": ""no_trade_lock_summary.lock_suppressed_count"", ""report_type"": ""daily_report""}}",
asset_market_state,no_trade_lock_released_count,179,106,73.0,68.87,数量变化；仅表示规模/活动变化，不直接代表质量改善,"{""previous"": {""path"": ""no_trade_lock_summary.lock_released_count"", ""report_type"": ""daily_report""}, ""today"": {""path"": ""no_trade_lock_summary.lock_released_count"", ""report_type"": ""daily_report""}}",
trade_action_opportunity,trade_action_distribution,"{""CONFLICT_NO_TRADE"": 17, ""DO_NOT_CHASE_LONG"": 45, ""DO_NOT_CHASE_SHORT"": 48, ""LONG_BIAS_OBSERVE"": 44, ""SHORT_BIAS_OBSERVE"": 41, ""WAIT_CONFIRMATION"": 2}","{""CONFLICT_NO_TRADE"": 18, ""DO_NOT_CHASE_LONG"": 21, ""DO_NOT_CHASE_SHORT"": 57, ""LONG_BIAS_OBSERVE"": 12, ""LONG_CHASE_ALLOWED"": 3, ""SHORT_BIAS_OBSERVE"": 36, ""SHORT_CHASE_ALLOWED"": 1, ""WAIT_CONFIRMATION"": 5}",,,结构化内容变化；需人工查看差异,"{""previous"": {""path"": ""trade_action_summary.trade_action_distribution"", ""report_type"": ""daily_report""}, ""today"": {""path"": ""trade_action_summary.trade_action_distribution"", ""report_type"": ""daily_report""}}",
trade_action_opportunity,opportunity_none_count,682,682,0.0,0.0,与 previous 持平,"{""previous"": {""path"": ""trade_opportunity_summary.opportunity_none_count"", ""report_type"": ""daily_report""}, ""today"": {""path"": ""trade_opportunity_summary.opportunity_none_count"", ""report_type"": ""daily_report""}}",
trade_action_opportunity,opportunity_candidate_count,5,5,0.0,0.0,与 previous 持平,"{""previous"": {""path"": ""trade_opportunity_summary.opportunity_candidate_count"", ""report_type"": ""daily_report""}, ""today"": {""path"": ""trade_opportunity_summary.opportunity_candidate_count"", ""report_type"": ""daily_report""}}",
trade_action_opportunity,opportunity_verified_count,0,0,0.0,,与 previous 持平,"{""previous"": {""path"": ""trade_opportunity_summary.opportunity_verified_count"", ""report_type"": ""daily_report""}, ""today"": {""path"": ""trade_opportunity_summary.opportunity_verified_count"", ""report_type"": ""daily_report""}}",
trade_action_opportunity,opportunity_blocked_count,124,124,0.0,0.0,与 previous 持平,"{""previous"": {""path"": ""trade_opportunity_summary.opportunity_blocked_count"", ""report_type"": ""daily_report""}, ""today"": {""path"": ""trade_opportunity_summary.opportunity_blocked_count"", ""report_type"": ""daily_report""}}",
trade_action_opportunity,opportunity_invalidated_count,,,,,today/previous 字段都缺失，无法判断,"{""previous"": {""path"": null, ""report_type"": null}, ""today"": {""path"": null, ""report_type"": null}}",
trade_action_opportunity,candidate_to_verified_rate,0.0,0.0,0.0,,与 previous 持平,"{""previous"": {""path"": ""trade_opportunity_summary.opportunity_candidate_to_verified_rate"", ""report_type"": ""daily_report""}, ""today"": {""path"": ""trade_opportunity_summary.opportunity_candidate_to_verified_rate"", ""report_type"": ""daily_report""}}",
trade_action_opportunity,hard_blocker_distribution,"{""history_completion_too_low"": 39, ""late_or_chase"": 57, ""low_quality"": 12, ""no_trade_lock"": 15, ""strong_opposite_signal"": 1}","{""history_completion_too_low"": 39, ""late_or_chase"": 57, ""low_quality"": 12, ""no_trade_lock"": 15, ""strong_opposite_signal"": 1}",,,结构化内容未变化,"{""previous"": {""path"": ""trade_opportunity_summary.opportunity_hard_blocker_distribution"", ""report_type"": ""daily_report""}, ""today"": {""path"": ""trade_opportunity_summary.opportunity_hard_blocker_distribution"", ""report_type"": ""daily_report""}}",
trade_action_opportunity,verification_blocker_distribution,"{""profile_adverse_too_high"": 2, ""profile_completion_too_low"": 3}","{""profile_adverse_too_high"": 2, ""profile_completion_too_low"": 3}",,,结构化内容未变化,"{""previous"": {""path"": ""trade_opportunity_summary.verification_blocker_distribution"", ""report_type"": ""daily_report""}, ""today"": {""path"": ""trade_opportunity_summary.verification_blocker_distribution"", ""report_type"": ""daily_report""}}",
trade_action_opportunity,opportunity_score_median,0.5053,0.5053,0.0,0.0,与 previous 持平,"{""previous"": {""path"": ""trade_opportunity_summary.opportunity_score_median"", ""report_type"": ""daily_report""}, ""today"": {""path"": ""trade_opportunity_summary.opportunity_score_median"", ""report_type"": ""daily_report""}}",
trade_action_opportunity,opportunity_score_p90,0.6788,0.6788,0.0,0.0,与 previous 持平,"{""previous"": {""path"": ""trade_opportunity_summary.opportunity_score_p90"", ""report_type"": ""daily_report""}, ""today"": {""path"": ""trade_opportunity_summary.opportunity_score_p90"", ""report_type"": ""daily_report""}}",
trade_action_opportunity,why_no_verified,,,,,today/previous 字段都缺失，无法判断,"{""previous"": {""path"": null, ""report_type"": null}, ""today"": {""path"": null, ""report_type"": null}}",
trade_action_opportunity,why_no_opportunities,"[""top_blockers={'late_or_chase': 57, 'history_completion_too_low': 39, 'no_trade_lock': 15}"", ""candidates_exist_but_verified_gate_not_open""]","[""top_blockers={'late_or_chase': 57, 'history_completion_too_low': 39, 'no_trade_lock': 15}"", ""candidates_exist_but_verified_gate_not_open""]",,,结构化内容未变化,"{""previous"": {""path"": ""trade_opportunity_summary.why_no_opportunities"", ""report_type"": ""daily_report""}, ""today"": {""path"": ""trade_opportunity_summary.why_no_opportunities"", ""report_type"": ""daily_report""}}",
trade_action_opportunity,verified_maturity,immature,immature,,,结构化内容未变化,"{""previous"": {""path"": ""trade_opportunity_summary.verified_maturity"", ""report_type"": ""daily_report""}, ""today"": {""path"": ""trade_opportunity_summary.verified_maturity"", ""report_type"": ""daily_report""}}",
trade_action_opportunity,verified_should_not_be_traded_reason,outcome_completion_rate_below_0.70,outcome_completion_rate_below_0.70,,,结构化内容未变化,"{""previous"": {""path"": ""trade_opportunity_summary.verified_should_not_be_traded_reason"", ""report_type"": ""daily_report""}, ""today"": {""path"": ""trade_opportunity_summary.verified_should_not_be_traded_reason"", ""report_type"": ""daily_report""}}",
trade_action_opportunity,maturity_reasons,"[""outcome_completion_rate_below_0.70""]","[""outcome_completion_rate_below_0.70""]",,,结构化内容未变化,"{""previous"": {""path"": ""trade_opportunity_summary.maturity_reasons"", ""report_type"": ""daily_report""}, ""today"": {""path"": ""trade_opportunity_summary.maturity_reasons"", ""report_type"": ""daily_report""}}",
candidate_verified_posterior,candidate_30s_followthrough_rate,,,,,today/previous 字段都缺失，无法判断,"{""previous"": {""path"": null, ""report_type"": null}, ""today"": {""path"": null, ""report_type"": null}}",
candidate_verified_posterior,candidate_60s_followthrough_rate,,,,,today/previous 字段都缺失，无法判断,"{""previous"": {""path"": null, ""report_type"": null}, ""today"": {""path"": null, ""report_type"": null}}",
candidate_verified_posterior,candidate_300s_followthrough_rate,,,,,today/previous 字段都缺失，无法判断,"{""previous"": {""path"": null, ""report_type"": null}, ""today"": {""path"": null, ""report_type"": null}}",
candidate_verified_posterior,candidate_30s_adverse_rate,,,,,today/previous 字段都缺失，无法判断,"{""previous"": {""path"": null, ""report_type"": null}, ""today"": {""path"": null, ""report_type"": null}}",
candidate_verified_posterior,candidate_60s_adverse_rate,,,,,today/previous 字段都缺失，无法判断,"{""previous"": {""path"": null, ""report_type"": null}, ""today"": {""path"": null, ""report_type"": null}}",
candidate_verified_posterior,candidate_300s_adverse_rate,,,,,today/previous 字段都缺失，无法判断,"{""previous"": {""path"": null, ""report_type"": null}, ""today"": {""path"": null, ""report_type"": null}}",
candidate_verified_posterior,candidate_outcome_completion_rate,0.0,0.0,0.0,,与 previous 持平,"{""previous"": {""path"": ""trade_opportunity_summary.candidate_outcome_60s.resolved_count/count"", ""report_type"": ""daily_report""}, ""today"": {""path"": ""trade_opportunity_summary.candidate_outcome_60s.resolved_count/count"", ""report_type"": ""daily_report""}}",
candidate_verified_posterior,verified_30s_followthrough_rate,,,,,today/previous 字段都缺失，无法判断,"{""previous"": {""path"": null, ""report_type"": null}, ""today"": {""path"": null, ""report_type"": null}}",
candidate_verified_posterior,verified_60s_followthrough_rate,,,,,today/previous 字段都缺失，无法判断,"{""previous"": {""path"": null, ""report_type"": null}, ""today"": {""path"": null, ""report_type"": null}}",
candidate_verified_posterior,verified_300s_followthrough_rate,,,,,today/previous 字段都缺失，无法判断,"{""previous"": {""path"": null, ""report_type"": null}, ""today"": {""path"": null, ""report_type"": null}}",
candidate_verified_posterior,verified_30s_adverse_rate,,,,,today/previous 字段都缺失，无法判断,"{""previous"": {""path"": null, ""report_type"": null}, ""today"": {""path"": null, ""report_type"": null}}",
candidate_verified_posterior,verified_60s_adverse_rate,,,,,today/previous 字段都缺失，无法判断,"{""previous"": {""path"": null, ""report_type"": null}, ""today"": {""path"": null, ""report_type"": null}}",
candidate_verified_posterior,verified_300s_adverse_rate,,,,,today/previous 字段都缺失，无法判断,"{""previous"": {""path"": null, ""report_type"": null}, ""today"": {""path"": null, ""report_type"": null}}",
candidate_verified_posterior,verified_outcome_completion_rate,,,,,today/previous 字段都缺失，无法判断,"{""previous"": {""path"": null, ""report_type"": null}, ""today"": {""path"": null, ""report_type"": null}}",
blocker_risk_filter,blocker_saved_rate,0.0,0.0,0.0,,与 previous 持平,"{""previous"": {""path"": ""trade_opportunity_summary.blocker_saved_rate"", ""report_type"": ""daily_report""}, ""today"": {""path"": ""trade_opportunity_summary.blocker_saved_rate"", ""report_type"": ""daily_report""}}",
blocker_risk_filter,blocker_false_block_rate,0.0,0.0,0.0,,与 previous 持平,"{""previous"": {""path"": ""trade_opportunity_summary.blocker_false_block_rate"", ""report_type"": ""daily_report""}, ""today"": {""path"": ""trade_opportunity_summary.blocker_false_block_rate"", ""report_type"": ""daily_report""}}",
blocker_risk_filter,blocker_distribution,"{""history_completion_too_low"": 39, ""late_or_chase"": 57, ""low_quality"": 12, ""no_trade_lock"": 15, ""strong_opposite_signal"": 1}","{""history_completion_too_low"": 39, ""late_or_chase"": 57, ""low_quality"": 12, ""no_trade_lock"": 15, ""strong_opposite_signal"": 1}",,,结构化内容未变化,"{""previous"": {""path"": ""trade_opportunity_summary.top_blockers"", ""report_type"": ""daily_report""}, ""today"": {""path"": ""trade_opportunity_summary.top_blockers"", ""report_type"": ""daily_report""}}",
blocker_risk_filter,top_effective_blockers,"[{""blocker"": ""late_or_chase"", ""count"": 57, ""false_block_rate"": 0.0, ""saved_rate"": 0.0}, {""blocker"": ""history_completion_too_low"", ""count"": 39, ""false_block_rate"": 0.0, ""saved_rate"": 0.0}, {""blocker"": ""no_trade_lock"", ""count"": 15, ""false_block_rate"": 0.0, ""saved_rate"": 0.0}, {""blocker"": ""low_quality"", ""count"": 12, ""false_block_rate"": 0.0, ""saved_rate"": 0.0}, {""blocker"": ""strong_opposite_signal"", ""count"": 1, ""false_block_rate"": 0.0, ""saved_rate"": 0.0}]","[{""blocker"": ""late_or_chase"", ""count"": 57, ""false_block_rate"": 0.0, ""saved_rate"": 0.0}, {""blocker"": ""history_completion_too_low"", ""count"": 39, ""false_block_rate"": 0.0, ""saved_rate"": 0.0}, {""blocker"": ""no_trade_lock"", ""count"": 15, ""false_block_rate"": 0.0, ""saved_rate"": 0.0}, {""blocker"": ""low_quality"", ""count"": 12, ""false_block_rate"": 0.0, ""saved_rate"": 0.0}, {""blocker"": ""strong_opposite_signal"", ""count"": 1, ""false_block_rate"": 0.0, ""saved_rate"": 0.0}]",,,结构化内容未变化,"{""previous"": {""path"": ""trade_opportunity_summary.blocker_effectiveness.top_effective_blockers"", ""report_type"": ""daily_report""}, ""today"": {""path"": ""trade_opportunity_summary.blocker_effectiveness.top_effective_blockers"", ""report_type"": ""daily_report""}}",
blocker_risk_filter,top_overblocking_blockers,"[{""blocker"": ""late_or_chase"", ""count"": 57, ""false_block_rate"": 0.0, ""saved_rate"": 0.0}, {""blocker"": ""history_completion_too_low"", ""count"": 39, ""false_block_rate"": 0.0, ""saved_rate"": 0.0}, {""blocker"": ""no_trade_lock"", ""count"": 15, ""false_block_rate"": 0.0, ""saved_rate"": 0.0}, {""blocker"": ""low_quality"", ""count"": 12, ""false_block_rate"": 0.0, ""saved_rate"": 0.0}, {""blocker"": ""strong_opposite_signal"", ""count"": 1, ""false_block_rate"": 0.0, ""saved_rate"": 0.0}]","[{""blocker"": ""late_or_chase"", ""count"": 57, ""false_block_rate"": 0.0, ""saved_rate"": 0.0}, {""blocker"": ""history_completion_too_low"", ""count"": 39, ""false_block_rate"": 0.0, ""saved_rate"": 0.0}, {""blocker"": ""no_trade_lock"", ""count"": 15, ""false_block_rate"": 0.0, ""saved_rate"": 0.0}, {""blocker"": ""low_quality"", ""count"": 12, ""false_block_rate"": 0.0, ""saved_rate"": 0.0}, {""blocker"": ""strong_opposite_signal"", ""count"": 1, ""false_block_rate"": 0.0, ""saved_rate"": 0.0}]",,,结构化内容未变化,"{""previous"": {""path"": ""trade_opportunity_summary.blocker_effectiveness.top_overblocking_blockers"", ""report_type"": ""daily_report""}, ""today"": {""path"": ""trade_opportunity_summary.blocker_effectiveness.top_overblocking_blockers"", ""report_type"": ""daily_report""}}",
prealert,prealert_candidate_count,0,0,0.0,,与 previous 持平,"{""previous"": {""path"": ""prealert_lifecycle_summary.prealert_candidate_count"", ""report_type"": ""daily_report""}, ""today"": {""path"": ""prealert_lifecycle_summary.prealert_candidate_count"", ""report_type"": ""daily_report""}}",
prealert,prealert_gate_passed_count,197,153,44.0,28.76,数量变化；仅表示规模/活动变化，不直接代表质量改善,"{""previous"": {""path"": ""prealert_lifecycle_summary.prealert_gate_passed_count"", ""report_type"": ""daily_report""}, ""today"": {""path"": ""prealert_lifecycle_summary.prealert_gate_passed_count"", ""report_type"": ""daily_report""}}",
prealert,prealert_active_count,0,0,0.0,,与 previous 持平,"{""previous"": {""path"": ""prealert_lifecycle_summary.prealert_active_count"", ""report_type"": ""daily_report""}, ""today"": {""path"": ""prealert_lifecycle_summary.prealert_active_count"", ""report_type"": ""daily_report""}}",
prealert,prealert_delivered_count,0,0,0.0,,与 previous 持平,"{""previous"": {""path"": ""prealert_lifecycle_summary.prealert_delivered_count"", ""report_type"": ""daily_report""}, ""today"": {""path"": ""prealert_lifecycle_summary.prealert_delivered_count"", ""report_type"": ""daily_report""}}",
prealert,prealert_upgraded_to_confirm_count,92,107,-15.0,-14.02,数量变化；仅表示规模/活动变化，不直接代表质量改善,"{""previous"": {""path"": ""prealert_lifecycle_summary.prealert_upgraded_to_confirm_count"", ""report_type"": ""daily_report""}, ""today"": {""path"": ""prealert_lifecycle_summary.prealert_upgraded_to_confirm_count"", ""report_type"": ""daily_report""}}",
prealert,prealert_expired_count,0,0,0.0,,与 previous 持平,"{""previous"": {""path"": ""prealert_lifecycle_summary.prealert_expired_count"", ""report_type"": ""daily_report""}, ""today"": {""path"": ""prealert_lifecycle_summary.prealert_expired_count"", ""report_type"": ""daily_report""}}",
prealert,median_prealert_to_confirm_sec,,,,,today/previous 字段都缺失，无法判断,"{""previous"": {""path"": null, ""report_type"": null}, ""today"": {""path"": null, ""report_type"": null}}",
outcome_integrity,outcome_30s_completed_rate,1.0,1.0,0.0,0.0,与 previous 持平,"{""previous"": {""path"": ""outcome_source_summary.outcome_30s_completed_rate"", ""report_type"": ""daily_report""}, ""today"": {""path"": ""outcome_source_summary.outcome_30s_completed_rate"", ""report_type"": ""daily_report""}}",
outcome_integrity,outcome_60s_completed_rate,1.0,1.0,0.0,0.0,与 previous 持平,"{""previous"": {""path"": ""outcome_source_summary.outcome_60s_completed_rate"", ""report_type"": ""daily_report""}, ""today"": {""path"": ""outcome_source_summary.outcome_60s_completed_rate"", ""report_type"": ""daily_report""}}",
outcome_integrity,outcome_300s_completed_rate,1.0,1.0,0.0,0.0,与 previous 持平,"{""previous"": {""path"": ""outcome_source_summary.outcome_300s_completed_rate"", ""report_type"": ""daily_report""}, ""today"": {""path"": ""outcome_source_summary.outcome_300s_completed_rate"", ""report_type"": ""daily_report""}}",
outcome_integrity,outcome_price_source_distribution,"{""okx_mark"": 788}","{""okx_mark"": 612}",,,结构化内容变化；需人工查看差异,"{""previous"": {""path"": ""outcome_source_summary.outcome_price_source_distribution"", ""report_type"": ""daily_report""}, ""today"": {""path"": ""outcome_source_summary.outcome_price_source_distribution"", ""report_type"": ""daily_report""}}",
outcome_integrity,expired_rate_by_window,,,,,today/previous 字段都缺失，无法判断,"{""previous"": {""path"": null, ""report_type"": null}, ""today"": {""path"": null, ""report_type"": null}}",
outcome_integrity,outcome_failure_reason_distribution,{},{},,,结构化内容未变化,"{""previous"": {""path"": ""outcome_source_summary.outcome_failure_reason_distribution"", ""report_type"": ""daily_report""}, ""today"": {""path"": ""outcome_source_summary.outcome_failure_reason_distribution"", ""report_type"": ""daily_report""}}",
outcome_integrity,catchup_completed_count,0,0,0.0,,与 previous 持平,"{""previous"": {""path"": ""outcome_source_summary.catchup_completed_count"", ""report_type"": ""daily_report""}, ""today"": {""path"": ""outcome_source_summary.catchup_completed_count"", ""report_type"": ""daily_report""}}",
outcome_integrity,catchup_expired_count,0,0,0.0,,与 previous 持平,"{""previous"": {""path"": ""outcome_source_summary.catchup_expired_count"", ""report_type"": ""daily_report""}, ""today"": {""path"": ""outcome_source_summary.catchup_expired_count"", ""report_type"": ""daily_report""}}",
outcome_integrity,scheduler_health_summary,"{""catchup_completed_count"": 0, ""catchup_expired_count"": 0, ""completed_count"": 591, ""expired_count"": 0, ""pending_count"": 0, ""settled_by_distribution"": {""outcome_scheduler"": 591}, ""unavailable_count"": 0}","{""catchup_completed_count"": 0, ""catchup_expired_count"": 0, ""completed_count"": 459, ""expired_count"": 0, ""pending_count"": 0, ""settled_by_distribution"": {""outcome_scheduler"": 459}, ""unavailable_count"": 0}",,,结构化内容变化；需人工查看差异,"{""previous"": {""path"": ""outcome_source_summary.scheduler_health_summary"", ""report_type"": ""daily_report""}, ""today"": {""path"": ""outcome_source_summary.scheduler_health_summary"", ""report_type"": ""daily_report""}}",
market_context,live_public_rate,1.0,1.0,0.0,0.0,与 previous 持平,"{""previous"": {""path"": ""market_context_health.window.live_public_rate"", ""report_type"": ""daily_report""}, ""today"": {""path"": ""market_context_health.window.live_public_rate"", ""report_type"": ""daily_report""}}",
market_context,unavailable_rate,0.0,0.0,0.0,,与 previous 持平,"{""previous"": {""path"": ""market_context_health.window.unavailable_rate"", ""report_type"": ""daily_report""}, ""today"": {""path"": ""market_context_health.window.unavailable_rate"", ""report_type"": ""daily_report""}}",
market_context,okx_success,1182,918,264.0,28.76,数量变化；仅表示规模/活动变化，不直接代表质量改善,"{""previous"": {""path"": ""market_context_health.window.okx_success"", ""report_type"": ""daily_report""}, ""today"": {""path"": ""market_context_health.window.okx_success"", ""report_type"": ""daily_report""}}",
market_context,kraken_success,0,0,0.0,,与 previous 持平,"{""previous"": {""path"": ""market_context_health.window.kraken_success"", ""report_type"": ""daily_report""}, ""today"": {""path"": ""market_context_health.window.kraken_success"", ""report_type"": ""daily_report""}}",
market_context,market_context_attempt_success_rate,0.9983,1.0,-0.0017,-0.17,退步：指标下降,"{""previous"": {""path"": ""market_context_health.window.derived_attempt_success_rate"", ""report_type"": ""daily_report""}, ""today"": {""path"": ""market_context_health.window.derived_attempt_success_rate"", ""report_type"": ""daily_report""}}",
market_context,resolved_symbol_distribution,"{""ETH-USDT-SWAP"": 197}","{""ETH-USDT-SWAP"": 153}",,,结构化内容变化；需人工查看差异,"{""previous"": {""path"": ""market_context_health.window.resolved_symbol_distribution"", ""report_type"": ""daily_report""}, ""today"": {""path"": ""market_context_health.window.resolved_symbol_distribution"", ""report_type"": ""daily_report""}}",
market_context,top_failure_reasons,"[{""count"": 2, ""reason"": ""timeout""}]",[],,,结构化内容变化；需人工查看差异,"{""previous"": {""path"": ""market_context_health.window.top_failure_reasons"", ""report_type"": ""daily_report""}, ""today"": {""path"": ""market_context_health.window.top_failure_reasons"", ""report_type"": ""daily_report""}}",
majors_coverage,covered_major_pairs,"[""ETH/USDT"", ""ETH/USDC""]","[""ETH/USDT"", ""ETH/USDC""]",,,结构化内容未变化,"{""previous"": {""path"": ""majors_coverage_summary.covered_major_pairs"", ""report_type"": ""daily_report""}, ""today"": {""path"": ""majors_coverage_summary.covered_major_pairs"", ""report_type"": ""daily_report""}}",
majors_coverage,configured_but_disabled_major_pools,[],[],,,结构化内容未变化,"{""previous"": {""path"": ""majors_coverage_summary.major_cli_summary.configured_but_disabled_major_pools"", ""report_type"": ""daily_report""}, ""today"": {""path"": ""majors_coverage_summary.major_cli_summary.configured_but_disabled_major_pools"", ""report_type"": ""daily_report""}}",
majors_coverage,configured_but_unsupported_chain,,,,,today/previous 字段都缺失，无法判断,"{""previous"": {""path"": null, ""report_type"": null}, ""today"": {""path"": null, ""report_type"": null}}",
majors_coverage,configured_but_validation_failed,,,,,today/previous 字段都缺失，无法判断,"{""previous"": {""path"": null, ""report_type"": null}, ""today"": {""path"": null, ""report_type"": null}}",
majors_coverage,missing_major_pairs,"[""BTC/USDT"", ""BTC/USDC"", ""SOL/USDT"", ""SOL/USDC""]","[""BTC/USDT"", ""BTC/USDC"", ""SOL/USDT"", ""SOL/USDC""]",,,结构化内容未变化,"{""previous"": {""path"": ""majors_coverage_summary.missing_major_pairs"", ""report_type"": ""daily_report""}, ""today"": {""path"": ""majors_coverage_summary.missing_major_pairs"", ""report_type"": ""daily_report""}}",
majors_coverage,missing_major_pairs_count,4,4,0.0,0.0,与 previous 持平,"{""previous"": {""path"": ""majors_coverage_summary.missing_major_pairs.len"", ""report_type"": ""daily_report""}, ""today"": {""path"": ""majors_coverage_summary.missing_major_pairs.len"", ""report_type"": ""daily_report""}}",
majors_coverage,eth_signal_count,197,153,44.0,28.76,数量变化；仅表示规模/活动变化，不直接代表质量改善,"{""previous"": {""path"": ""majors_coverage_summary.eth_signal_count"", ""report_type"": ""daily_report""}, ""today"": {""path"": ""majors_coverage_summary.eth_signal_count"", ""report_type"": ""daily_report""}}",
majors_coverage,btc_signal_count,0,0,0.0,,与 previous 持平,"{""previous"": {""path"": ""majors_coverage_summary.btc_signal_count"", ""report_type"": ""daily_report""}, ""today"": {""path"": ""majors_coverage_summary.btc_signal_count"", ""report_type"": ""daily_report""}}",
majors_coverage,sol_signal_count,0,0,0.0,,与 previous 持平,"{""previous"": {""path"": ""majors_coverage_summary.sol_signal_count"", ""report_type"": ""daily_report""}, ""today"": {""path"": ""majors_coverage_summary.sol_signal_count"", ""report_type"": ""daily_report""}}",
majors_coverage,current_sample_still_eth_only,true,true,,,布尔状态未变化,"{""previous"": {""path"": ""majors_coverage_summary.current_sample_still_eth_only"", ""report_type"": ""daily_report""}, ""today"": {""path"": ""majors_coverage_summary.current_sample_still_eth_only"", ""report_type"": ""daily_report""}}",
